mean_fit_time,std_fit_time,mean_score_time,std_score_time,param_gamma,params,split0_test_score,split1_test_score,split2_test_score,split3_test_score,split4_test_score,mean_test_score,std_test_score,rank_test_score
0.00580449104309082,0.0011355047548062508,0.003858661651611328,0.0009723992471223796,0.0001,{'gamma': 0.0001},0.3,0.3,0.3076923076923077,0.3333333333333333,0.3333333333333333,0.31487179487179484,0.01533324757715492,3
0.004356956481933594,0.001026663728732051,0.0031505107879638674,0.0014869876323258986,0.001,{'gamma': 0.001},0.3,0.3,0.3076923076923077,0.3333333333333333,0.3333333333333333,0.31487179487179484,0.01533324757715492,3
0.006145954132080078,0.0015598961414722862,0.0039156913757324215,0.0008314894840149262,0.01,{'gamma': 0.01},0.275,0.325,0.1794871794871795,0.38461538461538464,0.41025641025641024,0.3148717948717949,0.0824423772227013,2
0.005909633636474609,0.001204066940118007,0.0034288406372070313,0.0007129508009528133,0.1,{'gamma': 0.1},0.325,0.325,0.23076923076923078,0.3076923076923077,0.20512820512820512,0.2787179487179487,0.05067168821788708,7
0.004179811477661133,0.0007856854638864959,0.003404569625854492,0.0007977055750662119,1,{'gamma': 1},0.275,0.275,0.23076923076923078,0.38461538461538464,0.5128205128205128,0.33564102564102566,0.10212131986549948,1
0.005459308624267578,0.0007213245736031266,0.0030315876007080077,0.000746535843711159,10,{'gamma': 10},0.3,0.225,0.2564102564102564,0.28205128205128205,0.4358974358974359,0.2998717948717949,0.07254688569876096,5
0.0050486564636230465,0.0009247085118956386,0.0029291152954101563,0.0007213928242834273,100,{'gamma': 100},0.3,0.225,0.2564102564102564,0.28205128205128205,0.4358974358974359,0.2998717948717949,0.07254688569876096,5
