mean_fit_time,std_fit_time,mean_score_time,std_score_time,param_C,params,split0_test_score,split1_test_score,split2_test_score,split3_test_score,split4_test_score,mean_test_score,std_test_score,rank_test_score
0.0051990985870361325,0.0004001147555810162,0.003400230407714844,0.0004902541268927104,0.1,{'C': 0.1},0.3,0.3,0.2564102564102564,0.3333333333333333,0.3333333333333333,0.3046153846153846,0.02834000385568841,1
0.004603719711303711,0.0008026913987602092,0.0036008358001708984,0.0008000137748740661,1,{'C': 1},0.25,0.25,0.20512820512820512,0.20512820512820512,0.1794871794871795,0.21794871794871792,0.02779420947266513,5
0.007712888717651367,0.0010138615156550924,0.004295492172241211,0.0008131751757051177,10,{'C': 10},0.25,0.25,0.1794871794871795,0.28205128205128205,0.4358974358974359,0.2794871794871795,0.08509962448859533,4
0.006970405578613281,0.0006608258212546768,0.002517032623291016,0.0004170605822951079,100,{'C': 100},0.25,0.25,0.23076923076923078,0.3076923076923077,0.46153846153846156,0.3,0.08479002955787925,2
0.01257481575012207,0.002666055469377035,0.00296630859375,0.0005102385890166896,1000,{'C': 1000},0.25,0.25,0.23076923076923078,0.28205128205128205,0.4358974358974359,0.2897435897435897,0.07490954439995663,3
